note name,oil,Brand
air,La Bella Donna Della Mia Mente,Black Phoenix
air--cold,Raven,Black Phoenix
air--cold,Snow Queen,Deconstructing Eden
air--cold,Winter Kitty,For Strange Women
algae--black,Deep Ones,Black Phoenix
allspice,Plunder,Black Phoenix
allspice,Samhain 2017,Black Phoenix
almond,Bastet,Black Phoenix
almond,Hecate,Black Phoenix
almond,Pleasure of Aristocratic Women,Black Phoenix
almond,Voodoo,Black Phoenix
almond husk,Haute Macabre,Black Phoenix
almond milk,Diwali,Black Phoenix
almond--bitter,Eclipse,Black Phoenix
almond--bitter,Tombeur,Black Phoenix
almond--sweet,Hellcat,Black Phoenix
almond--sweet,Seraglio,Black Phoenix
aloe,Embalming Fluid,Black Phoenix
amaranth,Odin,Black Phoenix
amaretto,Bordello,Black Phoenix
amber,All That I Possess,Black Phoenix
amber,Aureus,Black Phoenix
amber,Bastet,Black Phoenix
amber,Brisingamen,Black Phoenix
amber,Casanova,Black Phoenix
amber,Fenris Wolf,Black Phoenix
amber,Florence,Black Phoenix
amber,Forbidden Fruit,Black Phoenix
amber,Golden Priapus,Black Phoenix
amber,Imp,Black Phoenix
amber,Manhattan,Black Phoenix
amber,O,Black Phoenix
amber,Setting Sun,Black Phoenix
amber,Sin,Black Phoenix
amber,Spellbound,Black Phoenix
amber,Tombeur,Black Phoenix
amber,Winter Kitty,For Strange Women
amber--Baltic,Blóðughadda,Black Phoenix
amber--black,Black Rider,Black Phoenix
amber--black,Étude de Déshabillé,Black Phoenix
amber--black,Loviatar,Black Phoenix
amber--black,Maidens in Repose,Black Phoenix
amber--black,Megaera,Black Phoenix
amber--black,Mirror of the Famous Generals of Japan,Black Phoenix
amber--black,Pleasures of the Imagination I,Black Phoenix
amber--black,Titus Andronicus,Black Phoenix
amber--black,Venus Genetrix,Black Phoenix
amber--fossilized,13 (May 2016),Black Phoenix
amber--golden,Bast,Black Phoenix
amber--golden,Ded Moroz,Black Phoenix
amber--golden,Gelt,Black Phoenix
amber--golden,Haunted,Black Phoenix
amber--golden,Hesiod's Phoenix,Black Phoenix
amber--golden,Idole,Black Phoenix
amber--golden,Inez,Black Phoenix
amber--golden,King Pursued by a Unicorn,Black Phoenix
amber--golden,Lion,Black Phoenix
amber--golden,Mr. Jacquel,Black Phoenix
amber--pale,Fortuna Dubia,Black Phoenix
amber--red--cream,Pearl in the Volcano,Black Phoenix
amber--sweet,Woman Dragging Her Aroused Lover Across a Bridge,Black Phoenix
amber--sweet,Wynter Wakeneth Al My Care,Black Phoenix
amber--sweet--honeyed,Pleasure of Aristocratic Women,Black Phoenix
amber--white,Ded Moroz,Black Phoenix
amber--white,Hoîru,Black Phoenix
ambergris,Black Forest,Black Phoenix
ambergris,Diamond Star,Black Phoenix
anise,Absinthe,Black Phoenix
anise,Black Annis,Black Phoenix
anise,Casanova,Black Phoenix
anise,India Bouquet,Black Phoenix
anise--star,Kabuki,Black Phoenix
anise--star,Maidens in Repose,Black Phoenix
anise--star,Practical Occultism,Black Phoenix
apple,Delirium,Black Phoenix
apple,Desire,Black Phoenix
apple blossom,Baobhan Sith,Black Phoenix
apple blossom,Brisingamen,Black Phoenix
apple--crab,Odin,Black Phoenix
apple--green,Anael,Deconstructing Eden
apple--green,Dormouse,Black Phoenix
apple--pink lady,First Blush,Deconstructing Eden
apple--red,Samhain 2017,Black Phoenix
apricot,Depraved,Black Phoenix
apricot,Yerevan,Black Phoenix
aquatic,Water of Notre Dame,Black Phoenix
ashes,All-Father,Black Phoenix
ashes,Brimstone,Black Phoenix
ashes,Djinn,Black Phoenix
ashes,Rumpelstilzchen,Black Phoenix
ashes,Thorns,Black Phoenix
balsam,Anubis,Black Phoenix
balsam,Red Rider,Black Phoenix
balsam--gurjun,Luperci,Black Phoenix
balsam--gurjun,"Sarah, The Mother Bear",Black Phoenix
balsam--peru,Dominate,Deconstructing Eden
balsam--peru,Dracul,Black Phoenix
balsam--peru,Kubla Khan,Black Phoenix
balsam--tolu,Alais,Deconstructing Eden
balsam--tolu,Obsess,Deconstructing Eden
bark--elm,Odin,Black Phoenix
bark--massoia,Aperotos Eros,Black Phoenix
basil,Dawn: Cernunnos,Black Phoenix
basil--black,Troll,Black Phoenix
bay rum,Jolly Roger,Black Phoenix
beeswax,Dalliances by Candlelight,Black Phoenix
beeswax,Half-Elf,Black Phoenix
beeswax,Incubus Leaving Two Sleeping Women,Black Phoenix
beeswax,Lights of Men's Lives,Black Phoenix
beeswax,Luperci,Black Phoenix
beeswax,Snake's Kiss,Black Phoenix
benzoin,Aperotos Eros,Black Phoenix
benzoin,Bien Loin D'Ici,Black Phoenix
benzoin,Goblin,Black Phoenix
benzoin,Horreur Sympathique,Black Phoenix
benzoin,Lysander,Black Phoenix
benzoin,Magdalena,Black Phoenix
benzoin--red,13 (May 2016),Black Phoenix
benzoin--red,Gaspar of India,Black Phoenix
benzoin--white,Diamond Star,Black Phoenix
bergamot,Alice,Black Phoenix
bergamot,Aperotos Eros,Black Phoenix
bergamot,Casanova,Black Phoenix
bergamot,Desire,Black Phoenix
bergamot,First Blush,Deconstructing Eden
bergamot,London Fog,For Strange Women
bergamot,Megaera,Black Phoenix
bergamot,Severin,Black Phoenix
bergamot,Snooty Rose,Black Phoenix
bergamot,Titus Andronicus,Black Phoenix
bergamot,Wilde,Black Phoenix
bergamot,Zephyr,Black Phoenix
berries,Florence,Black Phoenix
betony,Odin,Black Phoenix
bittercress--hairy,Odin,Black Phoenix
blondewood,Dragon's Bone,Black Phoenix
blood,Centzon Totochtin,Black Phoenix
blood,Fighter,Black Phoenix
blood,Hinzelmann,Black Phoenix
bone--blackened,Fire For Thy Stepmother's Daughters,Black Phoenix
bonfire,Devil's Night,Black Phoenix
bonfire,Hinzelmann,Black Phoenix
books,Raven,Black Phoenix
booze,Devil's Night,Black Phoenix
bourbon,Smut 2007,Black Phoenix
brandy--apricot,Grand Guignol,Black Phoenix
brine--salty,Deep Ones,Black Phoenix
butter,Hecate,Black Phoenix
buttercream,Gluttony,Black Phoenix
buttercream,Hellcat,Black Phoenix
butterscotch,Grog,Black Phoenix
caramel,Bien Loin D'Ici,Black Phoenix
caramel,Gluttony,Black Phoenix
caramel,Incubus,Black Phoenix
cardamom,Absinthe,Black Phoenix
cardamom,Bast,Black Phoenix
cardamom,Bastet,Black Phoenix
cardamom,Diwali,Black Phoenix
cardamom,Idole,Black Phoenix
cardamom,Rumpelstilzchen,Black Phoenix
cardamom,Small Brown Cat,Black Phoenix
cardamom,Unicorn and Ram,Black Phoenix
cardamom,Vivid Enjoyment of the Memory of Rupture,Black Phoenix
carnation,Alice,Black Phoenix
carnation,Bathsheba,Black Phoenix
carnation,Brisingamen,Black Phoenix
carnation,Horreur Sympathique,Black Phoenix
carnation,Inez,Black Phoenix
carnation,Maenad,Black Phoenix
carnation,Morocco (fka Old Morocco),Black Phoenix
carnation--pink,High-Strung Daises,Black Phoenix
cashew,Diwali,Black Phoenix
cashmeran,Étude de Déshabillé,Black Phoenix
cashmere,Hoîru,Black Phoenix
cassia,Morocco (fka Old Morocco),Black Phoenix
cassia,Plunder,Black Phoenix
cassia,Practical Occultism,Black Phoenix
cassia,"Priala, The Human Phoenix",Black Phoenix
cedar--incense,Diwali,Black Phoenix
cedar--incense,Third Charm,Black Phoenix
chamomile--mayweed,Odin,Black Phoenix
chamomile--Roman,Despair,Black Phoenix
chamomile--Roman,Sachs,Black Phoenix
chamomile--Roman,Stillness,Black Phoenix
champaca flower,Defututa,Black Phoenix
champaca flower,Hyakki Yagyō,Black Phoenix
champaca flower,Third Charm,Black Phoenix
cherry,Blood,Black Phoenix
cherry,Blood Kiss,Black Phoenix
cherry,Kabuki,Black Phoenix
cherry blossom,Voyeurs Among the Cherry Blossoms,Black Phoenix
cherry--black,Vice,Black Phoenix
cherry--black,Wednesday’s Child Is Full Of Woe,Black Phoenix
chocolate,Bast,Black Phoenix
chocolate,Black Temple Burlesque Troupe,Black Phoenix
chocolate,Boomslang,Black Phoenix
chocolate,Gelt,Black Phoenix
chocolate,How Doth the Little Crocodile,Black Phoenix
chocolate,Jackal,Goest
chocolate,Leather Phoenix,Black Phoenix
chocolate,Queen,Black Phoenix
chocolate,Tezcatlipoca,Black Phoenix
chocolate,Velvet,Black Phoenix
chocolate,Vice,Black Phoenix
chocolate,Wednesday’s Child Is Full Of Woe,Black Phoenix
chocolate,Wild and Naughty Girl,Black Phoenix
chocolate--dark,13 (May 2016),Black Phoenix
chocolate--dark,Centzon Totochtin,Black Phoenix
chocolate--dark,Gluttony,Black Phoenix
chocolate--dark,"Murder for Murder, Blood for Blood",Black Phoenix
chocolate--hot,El Dia De Reyes,Black Phoenix
chocolate--milk,Bliss,Black Phoenix
chypre--amber,Spider Witch,Black Phoenix
cinnamon,Bloodlust,Black Phoenix
cinnamon,Defututa,Black Phoenix
cinnamon,Eclipse,Black Phoenix
cinnamon,El Dia De Reyes,Black Phoenix
cinnamon,Harlot,Black Phoenix
cinnamon,Highwayman,Black Phoenix
cinnamon,Lion,Black Phoenix
cinnamon,Mars,Black Phoenix
cinnamon,Sacred Whore of Babylon,Black Phoenix
cinnamon,Sin,Black Phoenix
cinnamon,Three Witches,Black Phoenix
cinnamon,Umbra,Black Phoenix
cinnamon bark,Bengal,Black Phoenix
cinnamon bark,Plunder,Black Phoenix
cinnamon bark,"Priala, The Human Phoenix",Black Phoenix
cinnamon buns,Zip Line,Black Phoenix
cinnamon--Ceylon,Incubus Leaving Two Sleeping Women,Black Phoenix
cinnamon--Ceylon,Maidens in Repose,Black Phoenix
cinnamon--Ceylon,"Sarah, The Mother Bear",Black Phoenix
citrus,Forbidden Fruit,Black Phoenix
citrus,Temple of Dreams (III),Black Phoenix
civet,Allegory,Black Phoenix
civet,Black Annis,Black Phoenix
civet,Debauchery,Black Phoenix
civet,Satyr,Black Phoenix
clove,All That I Possess,Black Phoenix
clove,Bengal,Black Phoenix
clove,Blood,Black Phoenix
clove,Blood Kiss,Black Phoenix
clove,Cuchulain's Fight with the Sea,Black Phoenix
clove,"Dead Leaves, Raw Leather, Bourbon Vanilla, and Clove",Black Phoenix
clove,Diwali,Black Phoenix
clove,Ekhidna,Black Phoenix
clove,Gacela of the Dark Death,Black Phoenix
clove,Hetairae,Black Phoenix
clove,Jack,Black Phoenix
clove,Madrid (fka Old Madrid),Black Phoenix
clove,Malice,Black Phoenix
clove,Mars,Black Phoenix
clove,Plunder,Black Phoenix
clove,Samhain 2017,Black Phoenix
clove,Satyr,Black Phoenix
clove,Seraglio,Black Phoenix
clove,Spinning On Graves,Black Phoenix
clove,Three Witches,Black Phoenix
clove,Voodoo,Black Phoenix
clove,Wild and Naughty Girl,Black Phoenix
clove--bitter,But Men Loved Darkness Rather Than Light,Black Phoenix
clove--bitter,Dracul,Black Phoenix
clove--bitter,Smiling Spider,Black Phoenix
clove--black,Fortuna Mala,Black Phoenix
clove--black,In the Forest,Black Phoenix
clove--black,Old Demons of the First Class,Black Phoenix
clove--smoky,Hyakki Yagyō,Black Phoenix
clove--smoky,Imperfect Enjoyment,Black Phoenix
clove--smoky,Troll,Black Phoenix
clove--sweet,Sybaris (fka Old Sybaris),Black Phoenix
clove--sweet,Wednesday’s Child Is Full Of Woe,Black Phoenix
clove--white,Blóðughadda,Black Phoenix
coconut,Death Cap,Black Phoenix
coconut,Diwali,Black Phoenix
coconut,Keichu Nyoetsu Warai Dogu,Black Phoenix
coconut,Obatala,Black Phoenix
coconut,Pleasure of Aristocratic Women,Black Phoenix
coconut,Psychodynamic Discharge,Black Phoenix
coconut,Psychodynamic Discharge,Black Phoenix
coconut husk,Hoîru,Black Phoenix
coconut--black,Death Adder,Black Phoenix
coconut--black,Goblin,Black Phoenix
coconut--black,Hyakki Yagyō,Black Phoenix
coffee,El Dia De Reyes,Black Phoenix
cognac,Sed Non Satiata,Black Phoenix
copal,In the Forest,Black Phoenix
copal--black,13 (May 2016),Black Phoenix
Coptic rose resin,13 (May 2016),Black Phoenix
coral,Deep Ones,Black Phoenix
coriander,India Bouquet,Black Phoenix
coriander,Road to Versailles at Louveciennes,Black Phoenix
coriander,Tristran,Black Phoenix
cranberry,Jersey Devil,Black Phoenix
cream,Black Lily,Black Phoenix
cream,Young Woman Appealing to a Witch,Black Phoenix
cumin,Dracul,Black Phoenix
cumin,India Bouquet,Black Phoenix
cumin,Troll,Black Phoenix
currant--black,Bordello,Black Phoenix
currant--black,Mirror of the Famous Generals of Japan,Black Phoenix
currant--red,Pearl in the Volcano,Black Phoenix
curry,India Bouquet,Black Phoenix
cypress,Bayou,Black Phoenix
cypress,Black Forest,Black Phoenix
cypress,Dawn: Cernunnos,Black Phoenix
cypress,Despair,Black Phoenix
cypress,Loup Garou,Black Phoenix
cypress--black,Danse Macabre,Black Phoenix
cypress--bog,Young Woman Appealing to a Witch,Black Phoenix
daisy,High-Strung Daises,Black Phoenix
dammar gum,13 (May 2016),Black Phoenix
dragon's blood,13 (May 2016),Black Phoenix
dragon's blood,Blood,Black Phoenix
dragon's blood,Bloodlust,Black Phoenix
dragon's blood,Dominate,Deconstructing Eden
dragon's blood,Dragon's Blood,Black Phoenix
dragon's blood,Dragon's Bone,Black Phoenix
dragon's blood,Thorns,Black Phoenix
dust,Arachne,Black Phoenix
dust,Krampus 2007,Black Phoenix
dust,Krampus 2017,Black Phoenix
dust,Violens,Black Phoenix
earth,Al-Azif,Black Phoenix
earth,Alviss,Black Phoenix
earth,Anael,Deconstructing Eden
earth,Believe,Black Phoenix
earth,Death Cap,Black Phoenix
earth,Destroying Angel,Black Phoenix
earth,Druid,Black Phoenix
earth,Silent Films,Goest
earth,Zombi,Black Phoenix
egg nog,Mother Shub's Spiced Lait de Chèvre,Black Phoenix
elemi,Chiroptophobia,Black Phoenix
elemi,Practical Occultism,Black Phoenix
elemi,Third Charm,Black Phoenix
embers,Fire For Thy Stepmother's Daughters,Black Phoenix
embers,Raven,Black Phoenix
evergreen,Bayou,Black Phoenix
feathers,All-Father,Black Phoenix
feathers,Bird of Prey,Black Phoenix
feathers,Raven,Black Phoenix
fennel,All-Father,Black Phoenix
fennel,Baku,Black Phoenix
fennel,India Bouquet,Black Phoenix
fennel,Odin,Black Phoenix
fig,Carnal,Black Phoenix
fig,Hetairae,Black Phoenix
fig--golden,Blóðughadda,Black Phoenix
fire,Djinn,Black Phoenix
firewood,Rumpelstilzchen,Black Phoenix
flowers,Forbidden Fruit,Black Phoenix
flowers,Tezcatlipoca,Black Phoenix
flowers--aquatic,Shattered,Black Phoenix
flowers--hothouse,Bayou,Black Phoenix
flowers--light,Al-Azif,Black Phoenix
flowers--light,Arachne,Black Phoenix
flowers--swamp,Bayou,Black Phoenix
flowers--sweet,Athens,Black Phoenix
flowers--tropical,Pele,Black Phoenix
flowers--white,Destroying Angel,Black Phoenix
flowers--white,Zephyr,Black Phoenix
fougere,Dorian,Black Phoenix
fougere,Spinning On Graves,Black Phoenix
fougere,Venustas,Black Phoenix
frangipani,Delight,Black Phoenix
frankincense,13 (May 2016),Black Phoenix
frankincense,Anne Bonny,Black Phoenix
frankincense,Arcana,Black Phoenix
frankincense,Clement I’s Phoenix,Black Phoenix
frankincense,Coiled Serpent,Black Phoenix
frankincense,Danse Macabre,Black Phoenix
frankincense,Eclipse,Black Phoenix
frankincense,Governing Dark’s Begun,Black Phoenix
frankincense,Incubus Leaving Two Sleeping Women,Black Phoenix
frankincense,Kostnice,Black Phoenix
frankincense,Magdalena,Black Phoenix
frankincense,"Meskhenet, the Vulture Maiden",Black Phoenix
frankincense,"Meskhenet, the Vulture Maiden",Black Phoenix
frankincense,Practical Occultism,Black Phoenix
frankincense,Road to Versailles at Louveciennes,Black Phoenix
frankincense,Titus Andronicus,Black Phoenix
frankincense,Venustas,Black Phoenix
frankincense,Winter Kitty,For Strange Women
frankincense,Wynter Wakeneth Al My Care,Black Phoenix
frankincense--aged--10-year,Hope and Fear Set Free,Black Phoenix
freesia,First Blush,Deconstructing Eden
fur,Small Brown Cat,Black Phoenix
galangal,Loup Garou,Black Phoenix
galbanum,2011: Pottery Phoenix,Black Phoenix
galbanum,Aperotos Eros,Black Phoenix
gardenia,Highwayman,Black Phoenix
gardenia,Sacred Whore of Babylon,Black Phoenix
gardenia,Silence,Black Phoenix
geranium,Sed Non Satiata,Black Phoenix
gin,Leather Phoenix,Black Phoenix
ginger,Baobhan Sith,Black Phoenix
ginger,Bengal,Black Phoenix
ginger,But Men Loved Darkness Rather Than Light,Black Phoenix
ginger,Kubla Khan,Black Phoenix
ginger,White Rabbit,Black Phoenix
ginger--red,Psychodynamic Discharge,Black Phoenix
ginger--red,Psychodynamic Discharge,Black Phoenix
ginger--white,Vivid Enjoyment of the Memory of Rupture,Black Phoenix
ginger--white--Hawaiian,Pele,Black Phoenix
grains--sweet,Dana O'Shee,Black Phoenix
grapefruit,Baobhan Sith,Black Phoenix
grapefruit,Manhattan,Black Phoenix
grapefruit,Megaera,Black Phoenix
grapefruit,Shattered,Black Phoenix
grapefruit--pink,Pumpkin III (2008),Black Phoenix
grapes--champagne,Horreur Sympathique,Black Phoenix
grass,Druid,Black Phoenix
grass,Scarecrow,Black Phoenix
grass,Spinning On Graves,Black Phoenix
grass--sweet,Van Van ,Black Phoenix
guggul gum,13 (May 2016),Black Phoenix
gum arabic,Governing Dark’s Begun,Black Phoenix
hay,Bird of Prey,Black Phoenix
hay,Horse,For Strange Women
hay,Kubla Khan,Black Phoenix
hay,Scarecrow,Black Phoenix
hazelnut,Gluttony,Black Phoenix
hazelnut,Hellcat,Black Phoenix
hazelnut,Spider Witch,Black Phoenix
hazelnut--toasted,Danse Macabre,Black Phoenix
heliotrope,Eclipse,Black Phoenix
hellfire,Fire For Thy Stepmother's Daughters,Black Phoenix
hemlock,Third Charm,Black Phoenix
herbs,Anael,Deconstructing Eden
herbs,Arachne,Black Phoenix
herbs,Come to Me,Black Phoenix
herbs,Dormouse,Black Phoenix
herbs,Druid,Black Phoenix
herbs,Somnus (V),Black Phoenix
herbs,Temple of Dreams (III),Black Phoenix
herbs--embalming,Anubis,Black Phoenix
herbs--green,Envy,Black Phoenix
herbs--green,Obsess,Deconstructing Eden
herbs--green,Theoi Nomioi,Black Phoenix
herbs--green,Water of Notre Dame,Black Phoenix
herbs--protective,Fortuna Dubia,Black Phoenix
hibiscus flower,Maenad,Black Phoenix
hibiscus flower,"Meskhenet, the Vulture Maiden",Black Phoenix
ho wood,Third Charm,Black Phoenix
honey,Alice,Black Phoenix
honey,Athens,Black Phoenix
honey,Bengal,Black Phoenix
honey,Bien Loin D'Ici,Black Phoenix
honey,Blood Kiss,Black Phoenix
honey,Dalliances by Candlelight,Black Phoenix
honey,Dana O'Shee,Black Phoenix
honey,Defututa,Black Phoenix
honey,Entertaining the Heian Court Maiden,Black Phoenix
honey,Faun,Black Phoenix
honey,Fortuna Dubia,Black Phoenix
honey,Hetairae,Black Phoenix
honey,Horreur Sympathique,Black Phoenix
honey,Illustrated Woman,Black Phoenix
honey,Illustrated Woman,Black Phoenix
honey,London Fog,For Strange Women
honey,Luperci,Black Phoenix
honey,My Baby & a Baby Goat,Black Phoenix
honey,O,Black Phoenix
honey,Oleander Honey,Black Phoenix
honey,Sed Non Satiata,Black Phoenix
honey,Snake's Kiss,Black Phoenix
honey,Third Charm,Black Phoenix
honey,White Rabbit,Black Phoenix
honey,Womb Furie (2018),Black Phoenix
honey,Young Woman Appealing to a Witch,Black Phoenix
honey,Zip Line,Black Phoenix
honey--white,Incubus Leaving Two Sleeping Women,Black Phoenix
hops,Gluttony,Black Phoenix
hyssop,Absinthe,Black Phoenix
hyssop,"Meskhenet, the Vulture Maiden",Black Phoenix
hyssop,Mr. Jacquel,Black Phoenix
immortelle,Diamond Star,Black Phoenix
incense,Al-Azif,Black Phoenix
incense,Be My Druidess,Deconstructing Eden
incense,Brimstone,Black Phoenix
incense,Dee,Black Phoenix
incense,Diwali,Black Phoenix
incense,Druid,Black Phoenix
incense,Maidens in Repose,Black Phoenix
incense,Tezcatlipoca,Black Phoenix
incense--Mediterranean,Sybaris (fka Old Sybaris),Black Phoenix
Indonesian oils,Boomslang,Black Phoenix
Indonesian oils,Death Adder,Black Phoenix
Indonesian oils,Snake Oil,Black Phoenix
Indonesian oils,Snake Skin,Black Phoenix
Indonesian oils,Snake's Kiss,Black Phoenix
Indonesian oils,Tombeur,Black Phoenix
Indonesian oils,Western Diamondback,Black Phoenix
Indonesian oils,Womb Furie (2018),Black Phoenix
iris,Florence,Black Phoenix
iris,Yerevan,Black Phoenix
jasmine,Baku,Black Phoenix
jasmine,Defututa,Black Phoenix
jasmine,Delight,Black Phoenix
jasmine,Wilde,Black Phoenix
jasmine--Moroccan,Kubla Khan,Black Phoenix
jasmine--night-blooming,Ave Maria Gratia Plena,Black Phoenix
jasmine--night-blooming,Highwayman,Black Phoenix
juniper,Allegory,Black Phoenix
juniper,Anael,Deconstructing Eden
juniper,Black Forest,Black Phoenix
juniper,Cuchulain's Fight with the Sea,Black Phoenix
juniper,Dawn: Cernunnos,Black Phoenix
juniper,Golden Priapus,Black Phoenix
juniper,Governing Dark’s Begun,Black Phoenix
juniper,Loup Garou,Black Phoenix
juniper,Luperci,Black Phoenix
juniper,Thanatopsis,Black Phoenix
juniper,Undertow,Black Phoenix
juniper berry,Dominate,Deconstructing Eden
juniper berry,Idole,Black Phoenix
juniper berry,Omen,Black Phoenix
juniper needles,Fortuna Populi Romani,Black Phoenix
kelp,Cuchulain's Fight with the Sea,Black Phoenix
kush,Manhattan,Black Phoenix
kyphi,Practical Occultism,Black Phoenix
labdanum,But Men Loved Darkness Rather Than Light,Black Phoenix
labdanum,But Men Loved Darkness Rather Than Light,Black Phoenix
labdanum,Gaspar of India,Black Phoenix
labdanum,Kroenen,Black Phoenix
labdanum,Magdalena,Black Phoenix
labdanum,Magdalene,Black Phoenix
labdanum,Obsess,Deconstructing Eden
labdanum,Three and Twenty,Black Phoenix
labdanum,Three and Twenty,Black Phoenix
lavender,Arcana,Black Phoenix
lavender,Baku,Black Phoenix
lavender,Casanova,Black Phoenix
lavender,Despair,Black Phoenix
lavender,Envy,Black Phoenix
lavender,Silence,Black Phoenix
lavender,Silent Films,Goest
lavender,Somnus (V),Black Phoenix
lavender,Spinning On Graves,Black Phoenix
lavender,Stillness,Black Phoenix
lavender,Tombeur,Black Phoenix
lavender,Wilde,Black Phoenix
leather,All That I Possess,Black Phoenix
leather,Bird of Prey,Black Phoenix
leather,Casanova,Black Phoenix
leather,Chiroptophobia,Black Phoenix
leather,Crystal Phoenix,#N/A
leather,Devil's Claw,Black Phoenix
leather,Fighter,Black Phoenix
leather,Fortuna Populi Romani,Black Phoenix
leather,Highwayman,Black Phoenix
leather,Horse,For Strange Women
leather,Idole,Black Phoenix
leather,Jolly Roger,Black Phoenix
leather,Kubla Khan,Black Phoenix
leather,Loviatar,Black Phoenix
leather,Magdalena,Black Phoenix
leather,Mirror of the Famous Generals of Japan,Black Phoenix
leather,Perversion,Black Phoenix
leather,Pleasures of the Imagination I,Black Phoenix
leather,Raven,Black Phoenix
leather,Severin,Black Phoenix
leather,Silent Films,Goest
leather,Snake Skin,Black Phoenix
leather,Spider Witch,Black Phoenix
leather,Tezcatlipoca,Black Phoenix
leather,Very Grievous Murraine,Black Phoenix
leather,Violens,Black Phoenix
leather,Western Diamondback,Black Phoenix
leather--black,Black Rider,Black Phoenix
leather--black,De Sade,Black Phoenix
leather--black,Dominate,Deconstructing Eden
leather--black,Haute Macabre,Black Phoenix
leather--black,Krampus 2007,Black Phoenix
leather--black,Krampus 2017,Black Phoenix
leather--black,Kroenen,Black Phoenix
leather--black,Leather Phoenix,Black Phoenix
leather--black,Manhattan,Black Phoenix
leather--black,Psychodynamic Discharge,Black Phoenix
leather--black,Psychodynamic Discharge,Black Phoenix
leather--black,Rogue,Black Phoenix
leather--black,Whip,Black Phoenix
leather--brown,In the Forest,Black Phoenix
leather--brown,"Sarah, The Mother Bear",Black Phoenix
leather--brown,Zip Line,Black Phoenix
leather--English,Dee,Black Phoenix
leather--raw,"Dead Leaves, Raw Leather, Bourbon Vanilla, and Clove",Black Phoenix
leather--red,Red Rider,Black Phoenix
leather--soft,Dee,Black Phoenix
leather--soft,Keichu Nyoetsu Warai Dogu,Black Phoenix
leather--soft,Unicorn and Ram,Black Phoenix
leather--suede,Hoîru,Black Phoenix
leather--wet,Iago,Black Phoenix
leather--white,White Rider,Black Phoenix
leaves,Anael,Deconstructing Eden
leaves,Faun,Black Phoenix
leaves,Theoi Nomioi,Black Phoenix
leaves--blackberry,Jersey Devil,Black Phoenix
leaves--blackberry,Lysander,Black Phoenix
leaves--cedar,Snow Storm,Black Phoenix
leaves--clove,Dominate,Deconstructing Eden
leaves--cypress,Spinning On Graves,Black Phoenix
leaves--dead,2013: Steel Phoenix,Black Phoenix
leaves--dead,"Dead Leaves, Bourbon Vanilla, and Myrrh",Black Phoenix
leaves--dead,"Dead Leaves, Raw Leather, Bourbon Vanilla, and Clove",Black Phoenix
leaves--eucalyptus,Baku,Black Phoenix
leaves--eucalyptus,Chiroptophobia,Black Phoenix
leaves--eucalyptus,Loup Garou,Black Phoenix
leaves--fig,Dawn: Cernunnos,Black Phoenix
leaves--oak,All-Father,Black Phoenix
leaves--oak,Black Annis,Black Phoenix
leaves--oak,Haute Macabre,Black Phoenix
leaves--palm frond,"Meskhenet, the Vulture Maiden",Black Phoenix
leaves--rooibos,Kinoko,Black Phoenix
leaves--rose,Zombi,Black Phoenix
leaves--ti,Magdalena,Black Phoenix
leaves--ti,Vivid Enjoyment of the Memory of Rupture,Black Phoenix
leaves--tomato,Jersey Devil,Black Phoenix
leaves--violet--absolute,Alais,Deconstructing Eden
lemon,Absinthe,Black Phoenix
lemon,Delirium,Black Phoenix
lemon,Embalming Fluid,Black Phoenix
lemon,Temple of Dreams (III),Black Phoenix
lemon,Zephyr,Black Phoenix
lemon balm,Dawn: Cernunnos,Black Phoenix
lemon peel,Ave Maria Gratia Plena,Black Phoenix
lemon peel,Casanova,Black Phoenix
lemon peel,Incantation,Black Phoenix
lemon peel,Manhattan,Black Phoenix
lemon peel,Tristran,Black Phoenix
lemon verbena,Arcana,Black Phoenix
lemon verbena,Pumpkin III (2008),Black Phoenix
lemon verbena,Zephyr,Black Phoenix
lichen--damp,Black Annis,Black Phoenix
lilac,Lysander,Black Phoenix
lily,Ave Maria Gratia Plena,Black Phoenix
lily,Black Lily,Black Phoenix
lily,First Blush,Deconstructing Eden
lily,Kostnice,Black Phoenix
lily of the valley (muguet),Endymion,Black Phoenix
lily of the valley (muguet),First Blush,Deconstructing Eden
lily of the valley (muguet),Pele,Black Phoenix
lily--sugared,Kubla Khan,Black Phoenix
lime,Envy,Black Phoenix
lime,Pumpkin III (2008),Black Phoenix
lime,Voodoo,Black Phoenix
lime peel,Lysander,Black Phoenix
linen--clean,White Rabbit,Black Phoenix
liqueur--coffee,Mother Shub's Spiced Lait de Chèvre,Black Phoenix
lotus,Forbidden Fruit,Black Phoenix
lotus,Shattered,Black Phoenix
lotus,Undertow,Black Phoenix
lotus--golden,Bastet,Black Phoenix
magnolia,Hell's Belle,Black Phoenix
magnolia,Incubus Leaving Two Sleeping Women,Black Phoenix
mahogany,Alais,Deconstructing Eden
mahogany,Détritus Humain,Black Phoenix
mahogany,Smiling Spider,Black Phoenix
mandrake,Ekhidna,Black Phoenix
mango,Diwali,Black Phoenix
maple syrup,Al-Azif,Black Phoenix
mead,All-Father,Black Phoenix
mead,Hellcat,Black Phoenix
melilot,La Bella Donna Della Mia Mente,Black Phoenix
melon,Water of Notre Dame,Black Phoenix
metal,Kroenen,Black Phoenix
milk,Alice,Black Phoenix
milk,Dana O'Shee,Black Phoenix
milk,Obatala,Black Phoenix
milk,White Rabbit,Black Phoenix
milk--goat,Mother Shub's Spiced Lait de Chèvre,Black Phoenix
milk--goat,My Baby & a Baby Goat,Black Phoenix
milk--rice,Boomslang,Black Phoenix
milk--rice,Pearl in the Volcano,Black Phoenix
milk--rice,Vivid Enjoyment of the Memory of Rupture,Black Phoenix
mimosa,First Blush,Deconstructing Eden
mimosa,Madrid (fka Old Madrid),Black Phoenix
mint,Absinthe,Black Phoenix
mint,Dracul,Black Phoenix
mint,Envy,Black Phoenix
mint,Incubus,Black Phoenix
mint,Pumpkin III (2008),Black Phoenix
mint,Shattered,Black Phoenix
mint,Silent Films,Goest
mint,Tristran,Black Phoenix
mint,Undertow,Black Phoenix
mint--peppermint,How Doth the Little Crocodile,Black Phoenix
mint--white,Manhattan,Black Phoenix
mint--white,Snow Storm,Black Phoenix
money,Jackal,Goest
moss,Alais,Deconstructing Eden
moss,Voyeurs Among the Cherry Blossoms,Black Phoenix
moss,Wilde,Black Phoenix
moss,Young Woman Appealing to a Witch,Black Phoenix
moss--red,Red Rider,Black Phoenix
moss--Spanish,Bayou,Black Phoenix
moss--Spanish,Zombi,Black Phoenix
moss--swamp,Ekhidna,Black Phoenix
mugwort,Odin,Black Phoenix
mullein,Czernobog,Black Phoenix
mullein,Samhain 2017,Black Phoenix
mushrooms,Young Woman Appealing to a Witch,Black Phoenix
musk,Chiroptophobia,Black Phoenix
musk,Czernobog,Black Phoenix
musk,Devil's Night,Black Phoenix
musk,Faun,Black Phoenix
musk,Fighter,Black Phoenix
musk,Horse,For Strange Women
musk,Lysander,Black Phoenix
musk,Obsess,Deconstructing Eden
musk,Odin,Black Phoenix
musk,Road to Versailles at Louveciennes,Black Phoenix
musk,Silent Films,Goest
musk,Smut 2007,Black Phoenix
musk,Thanatopsis,Black Phoenix
musk,Winter Kitty,For Strange Women
musk--amber,Pharaoh Ducksses,Nocturne Alchemy
musk--Arabian,Bathsheba,Black Phoenix
musk--baby goat,My Baby & a Baby Goat,Black Phoenix
musk--black,Black Forest,Black Phoenix
musk--black,Black Temple Burlesque Troupe,Black Phoenix
musk--black,Dance of Death,Black Phoenix
musk--black,Desire,Black Phoenix
musk--black,Dracul,Black Phoenix
musk--black,Haunted,Black Phoenix
musk--black,Hyakki Yagyō,Black Phoenix
musk--black,Iago,Black Phoenix
musk--black,Imperfect Enjoyment,Black Phoenix
musk--black,Incubus,Black Phoenix
musk--black,Sed Non Satiata,Black Phoenix
musk--black,Smiling Spider,Black Phoenix
musk--blood,Horreur Sympathique,Black Phoenix
musk--blood,Tombeur,Black Phoenix
musk--body,Sed Non Satiata,Black Phoenix
musk--brown,Bird of Prey,Black Phoenix
musk--brown,Incubus Leaving Two Sleeping Women,Black Phoenix
musk--brown,Very Grievous Murraine,Black Phoenix
musk--China,Zephyr,Black Phoenix
musk--dark,Be My Druidess,Deconstructing Eden
musk--dark,Détritus Humain,Black Phoenix
musk--dark,Hecate,Black Phoenix
musk--dark,Hell's Belle,Black Phoenix
musk--dark,Titus Andronicus,Black Phoenix
musk--East African,Luperci,Black Phoenix
musk--Egyptian,Bastet,Black Phoenix
musk--Egyptian,Pharaoh Ducksses,Nocturne Alchemy
musk--feral,Blood Kiss,Black Phoenix
musk--graveyard,Pharaoh Ducksses,Nocturne Alchemy
musk--Indian,Aperotos Eros,Black Phoenix
musk--light,Be My Druidess,Deconstructing Eden
musk--light,Violens,Black Phoenix
musk--mushroom,Kinoko,Black Phoenix
musk--pale,Ave Maria Gratia Plena,Black Phoenix
musk--pale,Dorian,Black Phoenix
musk--pale,Spinning On Graves,Black Phoenix
musk--pale--Middle Eastern,Yerevan,Black Phoenix
musk--red,Bien Loin D'Ici,Black Phoenix
musk--red,Bloodlust,Black Phoenix
musk--red,Debauchery,Black Phoenix
musk--red,Fenris Wolf,Black Phoenix
musk--red,Kabuki,Black Phoenix
musk--red,Krampus 2007,Black Phoenix
musk--red,Krampus 2017,Black Phoenix
musk--red,Loviatar,Black Phoenix
musk--red,Lust,Black Phoenix
musk--red,Psychodynamic Discharge,Black Phoenix
musk--red,Psychodynamic Discharge,Black Phoenix
musk--red,Scherezade,Black Phoenix
musk--red,Spellbound,Black Phoenix
musk--red,Spider Witch,Black Phoenix
musk--red,Third Charm,Black Phoenix
musk--red,Very Grievous Murraine,Black Phoenix
musk--Siberian,Old Demons of the First Class,Black Phoenix
musk--skin,Bengal,Black Phoenix
musk--skin,Dominate,Deconstructing Eden
musk--skin,Illustrated Woman,Black Phoenix
musk--skin,Illustrated Woman,Black Phoenix
musk--skin,In the Forest,Black Phoenix
musk--skin,Incubus,Black Phoenix
musk--skin,Incubus Leaving Two Sleeping Women,Black Phoenix
musk--skin,La Petite Mort,Black Phoenix
musk--skin,Lights of Men's Lives,Black Phoenix
musk--troll,Troll,Black Phoenix
musk--urban,Half-Elf,Black Phoenix
musk--vanilla,Inez,Black Phoenix
musk--vanilla,Pharaoh Ducksses,Nocturne Alchemy
musk--vanilla,Van Van ,Black Phoenix
musk--vanilla,Voyeurs Among the Cherry Blossoms,Black Phoenix
musk--vanilla,Voyeurs Among the Cherry Blossoms,Black Phoenix
musk--warm,Imp,Black Phoenix
musk--warm,Morocco (fka Old Morocco),Black Phoenix
musk--white,Alais,Deconstructing Eden
musk--white,Embalming Fluid,Black Phoenix
musk--white,Endymion,Black Phoenix
musk--white,First Blush,Deconstructing Eden
musk--white,Incubus,Black Phoenix
musk--white,Zephyr,Black Phoenix
musk--wolf,All-Father,Black Phoenix
musk--wooly,Unicorn and Ram,Black Phoenix
myrrh,13 (May 2016),Black Phoenix
myrrh,2011: Pottery Phoenix,Black Phoenix
myrrh,All That I Possess,Black Phoenix
myrrh,Anubis,Black Phoenix
myrrh,Aperotos Eros,Black Phoenix
myrrh,Athens,Black Phoenix
myrrh,Bast,Black Phoenix
myrrh,Bastet,Black Phoenix
myrrh,Blood,Black Phoenix
myrrh,But Men Loved Darkness Rather Than Light,Black Phoenix
myrrh,Darkness,Black Phoenix
myrrh,Dawn: Cernunnos,Black Phoenix
myrrh,"Dead Leaves, Bourbon Vanilla, and Myrrh",Black Phoenix
myrrh,Diamond Star,Black Phoenix
myrrh,Gaspar of India,Black Phoenix
myrrh,Governing Dark’s Begun,Black Phoenix
myrrh,Hecate,Black Phoenix
myrrh,Imperfect Enjoyment,Black Phoenix
myrrh,Inez,Black Phoenix
myrrh,Kroenen,Black Phoenix
myrrh,La Petite Mort,Black Phoenix
myrrh,Lust,Black Phoenix
myrrh,Magdalena,Black Phoenix
myrrh,Maidens in Repose,Black Phoenix
myrrh,Omen,Black Phoenix
myrrh,Pleasures of the Imagination I,Black Phoenix
myrrh,Practical Occultism,Black Phoenix
myrrh,Rumpelstilzchen,Black Phoenix
myrrh,Sacred Whore of Babylon,Black Phoenix
myrrh,"Sarah, The Mother Bear",Black Phoenix
myrrh,Sed Non Satiata,Black Phoenix
myrrh,Three and Twenty,Black Phoenix
myrrh,Three and Twenty,Black Phoenix
myrrh,Velvet,Black Phoenix
myrrh,Venustas,Black Phoenix
myrrh,Very Grievous Murraine,Black Phoenix
myrrh,Voodoo,Black Phoenix
myrrh,Young Woman Appealing to a Witch,Black Phoenix
myrrh--black,Devil's Claw,Black Phoenix
myrrh--black,Hyakki Yagyō,Black Phoenix
myrrh--caramelized,Clement I’s Phoenix,Black Phoenix
myrrh--dark,Czernobog,Black Phoenix
myrrh--dark,Dance of Death,Black Phoenix
myrrh--dark,Ekhidna,Black Phoenix
myrrh--dark,Loviatar,Black Phoenix
myrrh--dark,Malice,Black Phoenix
myrrh--dark,"Priala, The Human Phoenix",Black Phoenix
myrrh--dark,Sloth,Black Phoenix
myrrh--warm,Pearl in the Volcano,Black Phoenix
myrtle,Brisingamen,Black Phoenix
myrtle,La Bella Donna Della Mia Mente,Black Phoenix
myrtle,Lysander,Black Phoenix
narcissus,Darkness,Black Phoenix
narcissus,Hunger,Black Phoenix
needles--fir,Dracul,Black Phoenix
needles--fir,Faun,Black Phoenix
needles--fir,Samhain 2017,Black Phoenix
needles--fir,Snow Storm,Black Phoenix
nerium oleander,Hell's Belle,Black Phoenix
nerium oleander,Oleander Honey,Black Phoenix
neroli,Arcana,Black Phoenix
neroli,Desire,Black Phoenix
neroli,Old Demons of the First Class,Black Phoenix
neroli,Seraglio,Black Phoenix
neroli,Titus Andronicus,Black Phoenix
neroli,Zephyr,Black Phoenix
nettle--stinging,Odin,Black Phoenix
nutmeg,Jack,Black Phoenix
nutmeg,Plunder,Black Phoenix
nutmeg,Rumpelstilzchen,Black Phoenix
nutmeg,Samhain 2017,Black Phoenix
nutmeg,Seraglio,Black Phoenix
oak,Anael,Deconstructing Eden
oak,Antikythera Mechanism,Black Phoenix
oakmoss,But Men Loved Darkness Rather Than Light,Black Phoenix
oakmoss,Crystal Phoenix,#N/A
oakmoss,Danse Macabre,Black Phoenix
oakmoss,Horreur Sympathique,Black Phoenix
oakmoss,How Doth the Little Crocodile,Black Phoenix
oakmoss,In the Forest,Black Phoenix
oakmoss,Kinoko,Black Phoenix
oakmoss,Luperci,Black Phoenix
oakmoss,Obsess,Deconstructing Eden
oakmoss,Omen,Black Phoenix
oakmoss,Vivid Enjoyment of the Memory of Rupture,Black Phoenix
oakmoss,Zombi,Black Phoenix
oats,Horse,For Strange Women
ocean spray,Jolly Roger,Black Phoenix
olive blossom,Defututa,Black Phoenix
onycha,13 (May 2016),Black Phoenix
opium,Darkness,Black Phoenix
opium,Debauchery,Black Phoenix
opium--smoke,Kubla Khan,Black Phoenix
oppoponax,Black Rider,Black Phoenix
oppoponax,Christougenniatiko Dentrophobia,Black Phoenix
oppoponax,Death Adder,Black Phoenix
oppoponax,Ekhidna,Black Phoenix
oppoponax,Governing Dark’s Begun,Black Phoenix
oppoponax,Horreur Sympathique,Black Phoenix
oppoponax,"Murder for Murder, Blood for Blood",Black Phoenix
oppoponax,Old Demons of the First Class,Black Phoenix
orange,Allegory,Black Phoenix
orange blossom,Dracul,Black Phoenix
orange blossom,Hunger,Black Phoenix
orange blossom,Maenad,Black Phoenix
orange blossom,Paramatman,Black Phoenix
orange blossom,Vice,Black Phoenix
orange peel,Seraglio,Black Phoenix
orange--blood,Countenance Forboding Evil,Black Phoenix
orange--mandarin,Carnal,Black Phoenix
orange--mandarin,Kubla Khan,Black Phoenix
orchid,Manhattan,Black Phoenix
orchid--white,Yerevan,Black Phoenix
orchid--wild,Magdalene,Black Phoenix
orris,Ave Maria Gratia Plena,Black Phoenix
orris,Bird of Prey,Black Phoenix
orris,Dance of Death,Black Phoenix
orris,Dragon's Bone,Black Phoenix
orris,Megaera,Black Phoenix
orris,"Meskhenet, the Vulture Maiden",Black Phoenix
osmanthus,Belle Vinu,Black Phoenix
oud,Blóðughadda,Black Phoenix
oud,Danse Macabre,Black Phoenix
oud,Détritus Humain,Black Phoenix
oud,Diwali,Black Phoenix
oud,Entertaining the Heian Court Maiden,Black Phoenix
oud,Fortuna Populi Romani,Black Phoenix
oud,Gaspar of India,Black Phoenix
oud,Governing Dark’s Begun,Black Phoenix
oud,Half-Elf,Black Phoenix
oud,Hesiod's Phoenix,Black Phoenix
oud,Snooty Rose,Black Phoenix
oud,Spider Witch,Black Phoenix
oud,Three and Twenty,Black Phoenix
oud,Three and Twenty,Black Phoenix
oud,Unicorn and Ram,Black Phoenix
oud,Zip Line,Black Phoenix
oud--black,"Murder for Murder, Blood for Blood",Black Phoenix
oud--black,Phoenix and Dragon,Black Phoenix
oud--black,Setting Sun,Black Phoenix
palmarosa,Practical Occultism,Black Phoenix
palmarosa,Stillness,Black Phoenix
palo santo,13 (May 2016),Black Phoenix
palo santo,All That I Possess,Black Phoenix
palo santo,Diamond Star,Black Phoenix
palo santo,Imperfect Enjoyment,Black Phoenix
palo santo,Kubla Khan,Black Phoenix
palo santo,Magdalena,Black Phoenix
palo santo,Paramatman,Black Phoenix
palo santo,Wynter Wakeneth Al My Care,Black Phoenix
palo santo resin,Keichu Nyoetsu Warai Dogu,Black Phoenix
parchment,Dee,Black Phoenix
parsley,Pumpkin III (2008),Black Phoenix
patchouli,2013: Steel Phoenix,Black Phoenix
patchouli,Casanova,Black Phoenix
patchouli,Coiled Serpent,Black Phoenix
patchouli,Countenance Forboding Evil,Black Phoenix
patchouli,Dance of Death,Black Phoenix
patchouli,Fortuna Mala,Black Phoenix
patchouli,Fortuna Populi Romani,Black Phoenix
patchouli,Hoîru,Black Phoenix
patchouli,Illustrated Woman,Black Phoenix
patchouli,Illustrated Woman,Black Phoenix
patchouli,Imp,Black Phoenix
patchouli,In the Forest,Black Phoenix
patchouli,Incubus Leaving Two Sleeping Women,Black Phoenix
patchouli,Jackal,Goest
patchouli,Lust,Black Phoenix
patchouli,"Murder for Murder, Blood for Blood",Black Phoenix
patchouli,Obsess,Deconstructing Eden
patchouli,Omen,Black Phoenix
patchouli,Rumpelstilzchen,Black Phoenix
patchouli,Smiling Spider,Black Phoenix
patchouli,Stillness,Black Phoenix
patchouli,Tezcatlipoca,Black Phoenix
patchouli,Tombeur,Black Phoenix
patchouli,Tristran,Black Phoenix
patchouli,Voodoo,Black Phoenix
patchouli,Wednesday’s Child Is Full Of Woe,Black Phoenix
patchouli,Wilde,Black Phoenix
patchouli,Wynter Wakeneth Al My Care,Black Phoenix
patchouli--aged--13 year,Détritus Humain,Black Phoenix
patchouli--aged--13 year,Haute Macabre,Black Phoenix
patchouli--aged--13 year,Imperfect Enjoyment,Black Phoenix
patchouli--aged--15 year,Crystal Phoenix,#N/A
patchouli--aged--7 year,Étude de Déshabillé,Black Phoenix
patchouli--aged--7 year,Spider Witch,Black Phoenix
patchouli--aged--9 year,Phoenix and Dragon,Black Phoenix
patchouli--black,Depraved,Black Phoenix
patchouli--black,Desire,Black Phoenix
patchouli--black,Goblin,Black Phoenix
patchouli--black,Luperci,Black Phoenix
patchouli--black,Psychodynamic Discharge,Black Phoenix
patchouli--black,Samhain 2017,Black Phoenix
patchouli--black,Sin,Black Phoenix
patchouli--black--aged,Psychodynamic Discharge,Black Phoenix
patchouli--black--East African,Umbra,Black Phoenix
patchouli--East Indian,But Men Loved Darkness Rather Than Light,Black Phoenix
patchouli--East Indian,Third Charm,Black Phoenix
patchouli--Indonesian,Bloodlust,Black Phoenix
patchouli--North African,Mr. Jacquel,Black Phoenix
patchouli--red,Blóðughadda,Black Phoenix
patchouli--red,Hetairae,Black Phoenix
patchouli--red,Sed Non Satiata,Black Phoenix
patchouli--red,Wild and Naughty Girl,Black Phoenix
patchouli--red--Indonesian,Anne Bonny,Black Phoenix
patchouli--red--Indonesian,Malice,Black Phoenix
patchouli--white,Cuchulain's Fight with the Sea,Black Phoenix
patchouli--white,Dalliances by Candlelight,Black Phoenix
peach,Jack,Black Phoenix
peach,La Bella Donna Della Mia Mente,Black Phoenix
peach--white,Belle Vinu,Black Phoenix
peach--white,Imp,Black Phoenix
pear--d'Anjou,Endymion,Black Phoenix
peony,Dormouse,Black Phoenix
pepper,Bengal,Black Phoenix
pepper,Mars,Black Phoenix
pepper,Plunder,Black Phoenix
pepper--black,Ekhidna,Black Phoenix
pepper--black,Idole,Black Phoenix
pepper--black,Mirror of the Famous Generals of Japan,Black Phoenix
pepper--black,"Murder for Murder, Blood for Blood",Black Phoenix
pepper--black,Old Demons of the First Class,Black Phoenix
pepper--black,Psychodynamic Discharge,Black Phoenix
pepper--black,Psychodynamic Discharge,Black Phoenix
pepper--black,Queen,Black Phoenix
pepper--black,Rumpelstilzchen,Black Phoenix
pepper--pink,High-Strung Daises,Black Phoenix
pepper--white,Three Witches,Black Phoenix
pepper--white,White Rabbit,Black Phoenix
petitgrain,Dominate,Deconstructing Eden
petitgrain,Road to Versailles at Louveciennes,Black Phoenix
pimento,Ekhidna,Black Phoenix
pimento berry,But Men Loved Darkness Rather Than Light,Black Phoenix
pine,Black Forest,Black Phoenix
pine,Thanatopsis,Black Phoenix
pine,Theoi Nomioi,Black Phoenix
pine,Voodoo,Black Phoenix
pine--Terebinth,Dawn: Cernunnos,Black Phoenix
pine--Terebinth,Gacela of the Dark Death,Black Phoenix
pine--white,Golden Priapus,Black Phoenix
pine--white,Stillness,Black Phoenix
pistachio,How Doth the Little Crocodile,Black Phoenix
pitch,Imperfect Enjoyment,Black Phoenix
pitch--pine,Christougenniatiko Dentrophobia,Black Phoenix
pitch--pine,Gacela of the Dark Death,Black Phoenix
pitch--pine,Hinzelmann,Black Phoenix
pitch--pine,Illustrated Woman,Black Phoenix
pitch--pine,Illustrated Woman,Black Phoenix
pitch--pine,Jersey Devil,Black Phoenix
pitch--pine,King Pursued by a Unicorn,Black Phoenix
pitch--pine,Troll,Black Phoenix
pitch--pine--black,In the Forest,Black Phoenix
plants,Cthulhu,Black Phoenix
plants--clover,Horse,For Strange Women
plants--hemp,Rogue,Black Phoenix
plants--ivy,Anael,Deconstructing Eden
plants--plantain,Odin,Black Phoenix
plants--privet,Rocking-Horse-Fly,Black Phoenix
plants--sugar cane,Horreur Sympathique,Black Phoenix
plum,Bathsheba,Black Phoenix
plum,Bordello,Black Phoenix
plum,Megaera,Black Phoenix
plum,Snooty Rose,Black Phoenix
plum,Yerevan,Black Phoenix
plum blossom,Horreur Sympathique,Black Phoenix
pomegranate,Yerevan,Black Phoenix
pomegranate juice,La Bella Donna Della Mia Mente,Black Phoenix
poppy,Blood Kiss,Black Phoenix
poppy--black,Maenad,Black Phoenix
praline,Gluttony,Black Phoenix
pumpkin,Jack,Black Phoenix
pumpkin,Pumpkin III (2008),Black Phoenix
pumpkin,Samhain 2017,Black Phoenix
rain--China,Hurricane,Black Phoenix
raisin,Diwali,Black Phoenix
redwood,Tristran,Black Phoenix
reeds--river,"Meskhenet, the Vulture Maiden",Black Phoenix
resins--Indian,Illustrated Woman,Black Phoenix
resins--Indian,Illustrated Woman,Black Phoenix
rice flower,Diwali,Black Phoenix
rice flower,My Baby & a Baby Goat,Black Phoenix
roots--Echinacea,Luperci,Black Phoenix
roots--lotus,Diwali,Black Phoenix
roots--sweet,Yerevan,Black Phoenix
rose,Alice,Black Phoenix
rose,Delight,Black Phoenix
rose,Delirium,Black Phoenix
rose,Kubla Khan,Black Phoenix
rose,Somnus (V),Black Phoenix
rose,Spellbound,Black Phoenix
rose,Winter Kitty,For Strange Women
rose--Bulgarian,Harlot,Black Phoenix
rose--Bulgarian,Seraglio,Black Phoenix
rose--Chinese,Psychodynamic Discharge,Black Phoenix
rose--Chinese,Psychodynamic Discharge,Black Phoenix
rose--dried,Wednesday’s Child Is Full Of Woe,Black Phoenix
rose--dried,Zombi,Black Phoenix
rose--geranium,Kostnice,Black Phoenix
rose--Moroccan,Harlot,Black Phoenix
rose--otto,Despair,Black Phoenix
rose--red,Desire,Black Phoenix
rose--red,Highwayman,Black Phoenix
rose--red,Snooty Rose,Black Phoenix
rose--red,Whip,Black Phoenix
rose--Somalian,Harlot,Black Phoenix
rose--tea,London (fka Old London),Black Phoenix
rose--white,Magdalene,Black Phoenix
rose--white,Young Woman Appealing to a Witch,Black Phoenix
rose--wild,La Bella Donna Della Mia Mente,Black Phoenix
rose--wild,Yerevan,Black Phoenix
rosemary,Arcana,Black Phoenix
rosemary,Temple of Dreams (III),Black Phoenix
rosewood,Ave Maria Gratia Plena,Black Phoenix
rosewood,Belle Vinu,Black Phoenix
rosewood,Dee,Black Phoenix
rosewood,Despair,Black Phoenix
rosewood,Endymion,Black Phoenix
rosewood,Fenris Wolf,Black Phoenix
rosewood,Golden Priapus,Black Phoenix
rosewood,Kostnice,Black Phoenix
rosewood,Tristran,Black Phoenix
rosewood,Woman Dragging Her Aroused Lover Across a Bridge,Black Phoenix
rosin,Rogue,Black Phoenix
rum,Centzon Totochtin,Black Phoenix
rum,Grog,Black Phoenix
rum,Hellcat,Black Phoenix
rum--smoky,Perversion,Black Phoenix
saffron,Bastet,Black Phoenix
saffron,Blóðughadda,Black Phoenix
saffron,But Men Loved Darkness Rather Than Light,Black Phoenix
saffron,Fortuna Populi Romani,Black Phoenix
saffron,In the Forest,Black Phoenix
saffron,Scherezade,Black Phoenix
saffron,Very Grievous Murraine,Black Phoenix
sage,But Men Loved Darkness Rather Than Light,Black Phoenix
sage,Ded Moroz,Black Phoenix
sage,Incubus,Black Phoenix
sage,Queen,Black Phoenix
sage,Theoi Nomioi,Black Phoenix
sage,Western Diamondback,Black Phoenix
sage--mountain--sweet,Ave Maria Gratia Plena,Black Phoenix
sage--white,Idole,Black Phoenix
sage--white,In the Forest,Black Phoenix
sage--white,Practical Occultism,Black Phoenix
sage--white,"Sarah, The Mother Bear",Black Phoenix
salt,Cuchulain's Fight with the Sea,Black Phoenix
salt,Jolly Roger,Black Phoenix
sandalwood,Aureus,Black Phoenix
sandalwood,Defututa,Black Phoenix
sandalwood,Despair,Black Phoenix
sandalwood,Fortuna Populi Romani,Black Phoenix
sandalwood,Mars,Black Phoenix
sandalwood,Plunder,Black Phoenix
sandalwood,Road to Versailles at Louveciennes,Black Phoenix
sandalwood,Sin,Black Phoenix
sandalwood,Tombeur,Black Phoenix
sandalwood,Velvet,Black Phoenix
sandalwood,Violens,Black Phoenix
sandalwood,White Rider,Black Phoenix
sandalwood--black--burnt,Incantation,Black Phoenix
sandalwood--brown,2011: Pottery Phoenix,Black Phoenix
sandalwood--East Indian,Paramatman,Black Phoenix
sandalwood--golden,Keichu Nyoetsu Warai Dogu,Black Phoenix
sandalwood--golden,Kubla Khan,Black Phoenix
sandalwood--green,Dawn: Cernunnos,Black Phoenix
sandalwood--Mysor,Ave Maria Gratia Plena,Black Phoenix
sandalwood--Mysor,Seraglio,Black Phoenix
sandalwood--red,Anne Bonny,Black Phoenix
sandalwood--red,Belle Vinu,Black Phoenix
sandalwood--red,Diwali,Black Phoenix
sandalwood--red,Fenris Wolf,Black Phoenix
sandalwood--red,Inez,Black Phoenix
sandalwood--red,Morocco (fka Old Morocco),Black Phoenix
sandalwood--red,Practical Occultism,Black Phoenix
sandalwood--red,"Sarah, The Mother Bear",Black Phoenix
sandalwood--red,Snooty Rose,Black Phoenix
sandalwood--red,Titus Andronicus,Black Phoenix
sandalwood--red,Western Diamondback,Black Phoenix
sandalwood--white,All That I Possess,Black Phoenix
sandalwood--white,Chiroptophobia,Black Phoenix
sandalwood--white,Dragon's Bone,Black Phoenix
sandalwood--white,Half-Elf,Black Phoenix
sandalwood--white,Tristran,Black Phoenix
sandalwood--white,Zephyr,Black Phoenix
sandarac,Practical Occultism,Black Phoenix
sap,Rocking-Horse-Fly,Black Phoenix
sawdust,Rocking-Horse-Fly,Black Phoenix
seaweed,Cthulhu,Black Phoenix
seaweed,Ekhidna,Black Phoenix
seaweed--drooping,Deep Ones,Black Phoenix
seed--ambrette,Aperotos Eros,Black Phoenix
seed--ambrette,Fortuna Populi Romani,Black Phoenix
seed--ambrette,Luperci,Black Phoenix
seed--ambrette,Woman Dragging Her Aroused Lover Across a Bridge,Black Phoenix
shea butter,Obatala,Black Phoenix
shellac,Rocking-Horse-Fly,Black Phoenix
smoke,Aureus,Black Phoenix
smoke,Be My Druidess,Deconstructing Eden
smoke,Devil's Claw,Black Phoenix
smoke,Djinn,Black Phoenix
smoke,"Priala, The Human Phoenix",Black Phoenix
smoke,Silent Films,Goest
smoke--bonfire,2013: Steel Phoenix,Black Phoenix
smoke--candle,Lights of Men's Lives,Black Phoenix
smoke--chimney,Winter Kitty,For Strange Women
smoke--clove,Troll,Black Phoenix
smoke--gun,"Sarah, The Mother Bear",Black Phoenix
snow,Ded Moroz,Black Phoenix
snow,Snow Queen,Deconstructing Eden
soap,Come to Me,Black Phoenix
spices,Florence,Black Phoenix
spices,Hell's Belle,Black Phoenix
spices,Mother Shub's Spiced Lait de Chèvre,Black Phoenix
spices--Arabian,Morocco (fka Old Morocco),Black Phoenix
spices--embalming,Mr. Jacquel,Black Phoenix
spices--Middle Eastern,Scherezade,Black Phoenix
spices--Moroccan,Bien Loin D'Ici,Black Phoenix
spikenard,Diwali,Black Phoenix
spikenard,Obsess,Deconstructing Eden
spruce,Theoi Nomioi,Black Phoenix
steel,Fighter,Black Phoenix
storax,Anubis,Black Phoenix
strawberry,Maenad,Black Phoenix
strawberry,Pharaoh Ducksses,Nocturne Alchemy
sugar,Devil's Night,Black Phoenix
sugar,Dorian,Black Phoenix
sugar,High-Strung Daises,Black Phoenix
sugar,London Fog,For Strange Women
sugar,Smut 2007,Black Phoenix
sugar,Snake's Kiss,Black Phoenix
sugar,Spinning On Graves,Black Phoenix
sugar--brown,El Dia De Reyes,Black Phoenix
supari,Diwali,Black Phoenix
tamarind,Diwali,Black Phoenix
tar,Ekhidna,Black Phoenix
tar--birch,Crystal Phoenix,#N/A
tar--spruce,Christougenniatiko Dentrophobia,Black Phoenix
tea,Dormouse,Black Phoenix
tea,Severin,Black Phoenix
tea,White Rabbit,Black Phoenix
tea leaf,Hoîru,Black Phoenix
tea leaf,Kubla Khan,Black Phoenix
tea leaf,Plunder,Black Phoenix
tea--earl grey,London Fog,For Strange Women
tea--green,Embalming Fluid,Black Phoenix
tea--jasmine,Venus Genetrix,Black Phoenix
tea--vanilla,Dorian,Black Phoenix
tea--vanilla,Spinning On Graves,Black Phoenix
tea--white,Baobhan Sith,Black Phoenix
tea--white,Half-Elf,Black Phoenix
tea--white,Manhattan,Black Phoenix
teak,Antikythera Mechanism,Black Phoenix
teak,Boomslang,Black Phoenix
teak,Desire,Black Phoenix
teak,Manhattan,Black Phoenix
teak,Pleasure of Aristocratic Women,Black Phoenix
thyme,Odin,Black Phoenix
thyme,Road to Versailles at Louveciennes,Black Phoenix
thyme,Wilde,Black Phoenix
tobacco,Antikythera Mechanism,Black Phoenix
tobacco,Black Rider,Black Phoenix
tobacco,Black Temple Burlesque Troupe,Black Phoenix
tobacco,Christougenniatiko Dentrophobia,Black Phoenix
tobacco,Crystal Phoenix,#N/A
tobacco,Dominate,Deconstructing Eden
tobacco,Dracul,Black Phoenix
tobacco,Étude de Déshabillé,Black Phoenix
tobacco,Illustrated Woman,Black Phoenix
tobacco,Illustrated Woman,Black Phoenix
tobacco,Plunder,Black Phoenix
tobacco,"Sarah, The Mother Bear",Black Phoenix
tobacco,Three and Twenty,Black Phoenix
tobacco,Three and Twenty,Black Phoenix
tobacco,Wild and Naughty Girl,Black Phoenix
tobacco--absolute,Ekhidna,Black Phoenix
tobacco--absolute,Phoenix and Dragon,Black Phoenix
tobacco--amber,Kubla Khan,Black Phoenix
tobacco--black,Perversion,Black Phoenix
tobacco--toasted,Jackal,Goest
"tobacco--white, flower",Horreur Sympathique,Black Phoenix
"tobacco--white, flower",Incubus,Black Phoenix
toffee,Gluttony,Black Phoenix
tonka,Casanova,Black Phoenix
tonka,Crystal Phoenix,#N/A
tonka,Dee,Black Phoenix
tonka,Hoîru,Black Phoenix
tonka,Horreur Sympathique,Black Phoenix
tonka,Lysander,Black Phoenix
tonka,Old Demons of the First Class,Black Phoenix
tonka,Perversion,Black Phoenix
tonka,Rumpelstilzchen,Black Phoenix
tonka,"Sarah, The Mother Bear",Black Phoenix
tonka,Sybaris (fka Old Sybaris),Black Phoenix
tonka,Tristran,Black Phoenix
tonka,Western Diamondback,Black Phoenix
tonka,Wilde,Black Phoenix
tree moss,Anael,Deconstructing Eden
tree moss,Be My Druidess,Deconstructing Eden
tree moss,Ded Moroz,Black Phoenix
trees,Druid,Black Phoenix
trees,Theoi Nomioi,Black Phoenix
trees--ash,Alviss,Black Phoenix
trees--cedar,How Doth the Little Crocodile,Black Phoenix
trees--cedar,Theoi Nomioi,Black Phoenix
trees--elm,Alviss,Black Phoenix
trees--fir,Aperotos Eros,Black Phoenix
trees--fir,Christougenniatiko Dentrophobia,Black Phoenix
trees--oak,Alviss,Black Phoenix
trees--oak--white,King Pursued by a Unicorn,Black Phoenix
trees--pine,Alviss,Black Phoenix
trees--pine,Snow Queen,Deconstructing Eden
tuberose,Delight,Black Phoenix
tuberose,Sed Non Satiata,Black Phoenix
vanilla,Belle Vinu,Black Phoenix
vanilla,Blood Kiss,Black Phoenix
vanilla,Boomslang,Black Phoenix
vanilla,Death Adder,Black Phoenix
vanilla,Death Cap,Black Phoenix
vanilla,Desire,Black Phoenix
vanilla,Eclipse,Black Phoenix
vanilla,Gluttony,Black Phoenix
vanilla,Golden Priapus,Black Phoenix
vanilla,How Doth the Little Crocodile,Black Phoenix
vanilla,Hunger,Black Phoenix
vanilla,Incubus Leaving Two Sleeping Women,Black Phoenix
vanilla,Jackal,Goest
vanilla,Lights of Men's Lives,Black Phoenix
vanilla,London Fog,For Strange Women
vanilla,O,Black Phoenix
vanilla,Queen,Black Phoenix
vanilla,Sacred Whore of Babylon,Black Phoenix
vanilla,Satyr,Black Phoenix
vanilla,Silent Films,Goest
vanilla,Snake Oil,Black Phoenix
vanilla,Snake Skin,Black Phoenix
vanilla,Snake's Kiss,Black Phoenix
vanilla,Snow Queen,Deconstructing Eden
vanilla,Tombeur,Black Phoenix
vanilla,Velvet,Black Phoenix
vanilla,Voodoo,Black Phoenix
vanilla,Wednesday’s Child Is Full Of Woe,Black Phoenix
vanilla,Western Diamondback,Black Phoenix
vanilla,White Rabbit,Black Phoenix
vanilla,Winter Kitty,For Strange Women
vanilla,Womb Furie (2018),Black Phoenix
vanilla,Zephyr,Black Phoenix
vanilla bean--smoky,Sachs,Black Phoenix
vanilla--black,Antikythera Mechanism,Black Phoenix
vanilla--Bourbon,2013: Steel Phoenix,Black Phoenix
vanilla--Bourbon,Bast,Black Phoenix
vanilla--Bourbon,Crystal Phoenix,#N/A
vanilla--Bourbon,"Dead Leaves, Bourbon Vanilla, and Myrrh",Black Phoenix
vanilla--Bourbon,"Dead Leaves, Raw Leather, Bourbon Vanilla, and Clove",Black Phoenix
vanilla--Bourbon,Entertaining the Heian Court Maiden,Black Phoenix
vanilla--Bourbon,Gaspar of India,Black Phoenix
vanilla--Bourbon,Haute Macabre,Black Phoenix
vanilla--Bourbon,Hesiod's Phoenix,Black Phoenix
vanilla--Bourbon,Hoîru,Black Phoenix
vanilla--Bourbon,Hope and Fear Set Free,Black Phoenix
vanilla--Bourbon,Phoenix and Dragon,Black Phoenix
vanilla--Bourbon,Sachs,Black Phoenix
vanilla--Bourbon,Small Brown Cat,Black Phoenix
vanilla--Bourbon,Spider Witch,Black Phoenix
vanilla--Bourbon,Venustas,Black Phoenix
vanilla--Bourbon,Wynter Wakeneth Al My Care,Black Phoenix
vanilla--Bourbon,Zip Line,Black Phoenix
vanilla--Bourbon--absolute,Venus Genetrix,Black Phoenix
vanilla--cream,Road to Versailles at Louveciennes,Black Phoenix
vanilla--cream,Snake's Kiss,Black Phoenix
vanilla--dark,Kubla Khan,Black Phoenix
vanilla--smoky,But Men Loved Darkness Rather Than Light,Black Phoenix
vanilla--smoky,Defututa,Black Phoenix
vanilla--smoky,Fortuna Populi Romani,Black Phoenix
vanilla--smoky,Illustrated Woman,Black Phoenix
vanilla--smoky,Illustrated Woman,Black Phoenix
vanilla--smoky,Woman Dragging Her Aroused Lover Across a Bridge,Black Phoenix
vanilla--Tahitian,Dominate,Deconstructing Eden
vetiver,Black Annis,Black Phoenix
vetiver,Blood Kiss,Black Phoenix
vetiver,Bloodlust,Black Phoenix
vetiver,Coiled Serpent,Black Phoenix
vetiver,Countenance Forboding Evil,Black Phoenix
vetiver,Czernobog,Black Phoenix
vetiver,Death Adder,Black Phoenix
vetiver,Devil's Claw,Black Phoenix
vetiver,Fortuna Mala,Black Phoenix
vetiver,Highwayman,Black Phoenix
vetiver,Hurricane,Black Phoenix
vetiver,Iago,Black Phoenix
vetiver,Incantation,Black Phoenix
vetiver,Pearl in the Volcano,Black Phoenix
vetiver,Psychodynamic Discharge,Black Phoenix
vetiver,Rumpelstilzchen,Black Phoenix
vetiver,Silent Films,Goest
vetiver,Sloth,Black Phoenix
vetiver,Thorns,Black Phoenix
vetiver,Tombeur,Black Phoenix
vetiver,Troll,Black Phoenix
vetiver,Umbra,Black Phoenix
vetiver,Voodoo,Black Phoenix
vetiver,Winter Kitty,For Strange Women
vetiver--black--sweet,2013: Steel Phoenix,Black Phoenix
vetiver--Haitian,Psychodynamic Discharge,Black Phoenix
vetiver--khus,Mirror of the Famous Generals of Japan,Black Phoenix
vetiver--red,Détritus Humain,Black Phoenix
vetiver--smoky,Three and Twenty,Black Phoenix
vetiver--smoky,Three and Twenty,Black Phoenix
violet,Alais,Deconstructing Eden
violet,Sybaris (fka Old Sybaris),Black Phoenix
violet,Water of Notre Dame,Black Phoenix
violet--sugared,First Blush,Deconstructing Eden
violet--wood,Lysander,Black Phoenix
water,Bayou,Black Phoenix
water,La Bella Donna Della Mia Mente,Black Phoenix
water,Obatala,Black Phoenix
water,Undertow,Black Phoenix
water--ocean,Cthulhu,Black Phoenix
wind--hot,Bast,Black Phoenix
wind--hot,Scarecrow,Black Phoenix
wine--red,Athens,Black Phoenix
wine--red,Blood Kiss,Black Phoenix
wine--red,Centzon Totochtin,Black Phoenix
wine--red,Madrid (fka Old Madrid),Black Phoenix
wine--red--black,Horreur Sympathique,Black Phoenix
wine--red--burgandy,Bordello,Black Phoenix
wine--white--champagne,Shattered,Black Phoenix
wine--white--chardonnay,Perversion,Black Phoenix
winter aconite,Snow Storm,Black Phoenix
wood,Arachne,Black Phoenix
wood,Be My Druidess,Deconstructing Eden
wood,Death Cap,Black Phoenix
wood,Jolly Roger,Black Phoenix
wood,Krampus 2007,Black Phoenix
wood,Krampus 2017,Black Phoenix
wood,Obsess,Deconstructing Eden
wood,Rocking-Horse-Fly,Black Phoenix
wood,Thorns,Black Phoenix
wood,Winter Kitty,For Strange Women
wood--cedar,Allegory,Black Phoenix
wood--cedar,Aureus,Black Phoenix
wood--cedar,Crystal Phoenix,#N/A
wood--cedar,Dawn: Cernunnos,Black Phoenix
wood--cedar,Horse,For Strange Women
wood--cedar,Inez,Black Phoenix
wood--cedar,Jersey Devil,Black Phoenix
wood--cedar,Silence,Black Phoenix
wood--cedar,Small Brown Cat,Black Phoenix
wood--cedar,Umbra,Black Phoenix
wood--cypress--hinoki,Woman Dragging Her Aroused Lover Across a Bridge,Black Phoenix
wood--damp,Samhain 2017,Black Phoenix
wood--dark,Incantation,Black Phoenix
wood--oak,Woman Dragging Her Aroused Lover Across a Bridge,Black Phoenix
wood--rotting,Hurricane,Black Phoenix
wood--soft,Dee,Black Phoenix
wood--wood,Brimstone,Black Phoenix
woodsmoke,Brimstone,Black Phoenix
woodsmoke,Jackal,Goest
wool,Druid,Black Phoenix
wool,Unicorn and Ram,Black Phoenix
wormwood,Absinthe,Black Phoenix
wormwood,Dawn: Cernunnos,Black Phoenix
ylang ylang,Countenance Forboding Evil,Black Phoenix
ylang ylang,Despair,Black Phoenix
ylang ylang,Hetairae,Black Phoenix
ylang ylang,Incubus Leaving Two Sleeping Women,Black Phoenix
ylang ylang,La Petite Mort,Black Phoenix
ylang ylang,Lust,Black Phoenix
ylang ylang,Malice,Black Phoenix
yuzu,Pumpkin III (2008),Black Phoenix
myrrh--sweet,Wander Darkling in the Eternal Space,Black Phoenix
vetiver,Wander Darkling in the Eternal Space,Black Phoenix
patchouli,Wander Darkling in the Eternal Space,Black Phoenix
vanilla--Madagascar,Wander Darkling in the Eternal Space,Black Phoenix
seed--ambrette--smoked,Wander Darkling in the Eternal Space,Black Phoenix
rose--blackened,Wander Darkling in the Eternal Space,Black Phoenix
snow--sweet,Rise! And Walk With Me,Black Phoenix
mint--peppermint,Rise! And Walk With Me,Black Phoenix
fougere--lilac,Jareth,Black Phoenix
leather--gleaming,Jareth,Black Phoenix
leaves--ti,Jareth,Black Phoenix
tonka--absolute,Jareth,Black Phoenix
musk--white,Jareth,Black Phoenix
oud,Jareth,Black Phoenix
frankincense,Goblin of Yuletide Yet To Come,Black Phoenix
myrrh,Goblin of Yuletide Yet To Come,Black Phoenix
storax,Goblin of Yuletide Yet To Come,Black Phoenix
oakmoss,Goblin of Yuletide Yet To Come,Black Phoenix
clove,Goblin of Yuletide Yet To Come,Black Phoenix
vetiver--Brazilian,Excerpt from Speculum Heroicum Principis Omnium Temporum Poëtarum Homeri,Black Phoenix
myrrh--dark,Excerpt from Speculum Heroicum Principis Omnium Temporum Poëtarum Homeri,Black Phoenix
balsam--peru,Excerpt from Speculum Heroicum Principis Omnium Temporum Poëtarum Homeri,Black Phoenix
leaves--laurel,Excerpt from Speculum Heroicum Principis Omnium Temporum Poëtarum Homeri,Black Phoenix
sage--white,Excerpt from Speculum Heroicum Principis Omnium Temporum Poëtarum Homeri,Black Phoenix
wood--cedar,Excerpt from Speculum Heroicum Principis Omnium Temporum Poëtarum Homeri,Black Phoenix
